{
	"page": {
		"label": "TRANSLATE.AUDIOPHONICSONOFF.PLUGINCONF"
	},
	"sections": [{
		"id": "pin_settings",
		"element": "section",
		"label": "TRANSLATE.AUDIOPHONICSONOFF.GPIOCONFIG",
		"description": "TRANSLATE.AUDIOPHONICSONOFF.D_GPIOCONFIG",
		"icon": "fa-sliders",
		"onSave": {
			"type": "controller",
			"endpoint": "system_controller/audiophonicsonoff",
			"method": "updateButtonConfig"
		},
		"saveButton": {
			"label": "TRANSLATE.AUDIOPHONICSONOFF.SAVE",
			"data": [
					"soft_shutdown",
					"shutdown_button",
					"boot_ok"
				]
		},
		"content": [
		{
			"id": "soft_shutdown",
			"element": "input",
			"type": "text",
			"doc": "TRANSLATE.AUDIOPHONICSONOFF.D_SOFTSHUTDOWN",
			"label": "TRANSLATE.AUDIOPHONICSONOFF.SOFTSHUTDOWN",
			"description": "TRANSLATE.AUDIOPHONICSONOFF.DD_SOFTSHUTDOWN",
			"value": "4"
		},
		{
			"id": "shutdown_button",
			"element": "input",
			"type": "text",
			"doc": "TRANSLATE.AUDIOPHONICSONOFF.D_SHUTDOWNBUTTON",
			"label": "TRANSLATE.AUDIOPHONICSONOFF.SHUTDOWNBUTTON",
			"description": "TRANSLATE.AUDIOPHONICSONOFF.DD_SHUTDOWNBUTTON",
			"value": "17"
		},
		{
			"id": "boot_ok",
			"element": "input",
			"type": "text",
			"doc": "TRANSLATE.AUDIOPHONICSONOFF.D_BOOTOK",
			"label": "TRANSLATE.AUDIOPHONICSONOFF.BOOTOK",
			"description": "TRANSLATE.AUDIOPHONICSONOFF.DD_BOOTOK",
			"value": "22"
		}]
	}]
}